	ip
0	190.206.118.235:8080
1	177.11.50.96:8080
2	103.251.167.7:1080
3	119.42.93.216:5231
4	185.144.67.10:8080
5	107.80.121.221:9999
6	217.219.153.242:8080
7	177.86.156.2:8080
8	201.242.184.13:8080
9	185.91.171.145:8080
10	219.139.130.49:80
11	186.101.125.154:8080
12	45.248.147.85:8080
13	89.135.121.1:3128
14	217.182.92.162:3128
15	190.201.177.134:8080
16	94.177.217.137:80
17	118.91.163.142:8080
18	124.248.190.215:8080
19	190.202.160.7:8080
20	178.140.102.33:8081
21	200.202.229.218:8080
22	165.227.188.89:80
23	119.57.108.57:5328
24	200.5.83.150:3128
25	36.76.105.13:8080
26	93.171.30.146:5328
27	124.232.163.49:3128
28	202.166.165.58:80
29	58.87.87.142:80
30	36.250.5.83:9000
31	221.233.86.115:3128
32	134.35.185.205:8080
33	168.195.231.1:8080
34	149.154.137.205:8080
35	62.122.195.50:8080
36	97.72.129.37:87
37	5.2.69.146:1080
38	77.95.92.138:8080
39	190.79.50.124:3128
40	191.102.125.75:8080
41	221.233.86.83:3128
42	149.5.41.221:8080
43	187.76.62.90:8080
44	5.160.79.18:8080
45	182.253.62.172:3129
46	5.202.191.130:8080
47	45.124.144.145:8080
48	120.72.18.44:8080
49	103.247.121.115:8080
50	189.112.11.40:8082
51	23.249.163.13:3128
52	180.250.5.37:8080
53	37.110.74.229:8181
54	91.207.185.40:5328
55	178.49.140.253:8080
56	110.77.183.102:5155
57	200.84.222.238:8080
58	221.204.117.218:9797
59	114.7.20.154:80
60	200.149.84.90:8080
61	27.130.166.71:8080
62	205.158.57.2:5328
63	103.205.134.246:8080
64	46.101.92.212:80
65	223.19.51.247:80
66	109.74.32.6:8080
67	212.200.126.13:8080
68	176.237.39.222:8080
69	159.203.155.37:3128
70	188.56.30.138:8080
71	61.5.61.58:8080
72	36.78.209.3:8080
73	178.187.200.149:8080
74	103.60.137.2:5120
75	141.196.146.75:8080
76	210.186.25.36:8080
77	14.207.72.21:8080
78	36.84.58.118:3128
79	49.49.57.147:8080
80	112.25.35.226:80
81	41.77.128.18:5300
82	113.15.75.89:9000
83	110.44.113.105:8080
84	37.187.121.205:3128
85	221.217.53.121:9000
86	187.7.128.218:8080
87	190.122.184.97:8080
88	89.133.177.7:8080
89	182.23.107.211:80
90	212.126.97.83:6390
91	39.155.169.70:80
92	110.77.172.179:5155
93	110.55.117.248:5328
94	95.135.94.97:80
95	5.2.69.153:1080
96	154.73.159.253:8585
97	125.25.54.80:8080
98	177.24.57.72:8080
99	187.60.161.68:8080
100	94.177.217.137:3128
101	36.80.222.137:8080
102	190.201.29.95:8080
103	134.35.214.231:8080
104	183.88.217.201:8080
105	185.34.20.82:8080
106	122.228.179.178:80
107	103.239.252.29:8080
108	36.67.108.53:6222
109	178.49.140.250:8080
110	210.186.121.103:8080
111	188.255.187.176:5328
112	36.75.102.207:8080
113	103.239.252.202:8080
114	177.234.178.120:3128
115	175.139.218.9:8080
116	103.77.60.22:8080
117	97.72.128.58:87
118	118.137.26.81:8080
119	209.126.106.225:8739
120	103.88.169.122:8080
121	46.219.14.43:8080
122	182.253.26.246:8080
123	124.207.82.166:8008
124	190.75.212.22:8080
125	139.59.125.12:8080
126	93.190.142.240:80
127	178.62.112.15:80
128	112.74.32.237:6666
129	197.155.158.22:80
130	91.235.51.238:5328
131	177.92.36.34:8080
132	179.182.101.30:8080
133	218.239.138.16:80
134	190.186.144.69:5328
135	122.154.123.2:8080
136	37.57.241.120:8888
137	186.137.103.221:8080
138	64.185.120.62:5328
139	115.249.245.30:8080
140	47.93.3.242:80
141	58.251.250.6:8118
142	108.208.26.71:3128
143	62.15.205.71:5328
144	176.237.139.7:8080
145	185.144.67.19:8080
146	213.192.31.173:80
147	110.77.206.163:5231
148	183.88.157.107:8080
149	39.42.2.12:8080
150	124.232.163.37:3128
151	195.218.144.150:8080
152	122.228.25.97:8101
153	209.150.253.84:80
154	46.209.214.235:3128
155	185.117.74.112:1080
156	123.127.217.155:1920
157	213.163.122.195:8080
158	201.184.250.76:5328
159	114.5.12.178:8080
160	118.151.209.203:8080
161	91.143.35.115:8080
162	124.232.163.56:3128
163	5.188.218.24:8080
164	92.38.47.226:80
165	80.240.100.65:8000
166	201.208.98.94:8080
167	180.253.128.127:8080
168	203.192.199.90:8080
169	64.110.25.154:8080
170	103.206.246.110:8080
171	104.196.53.243:8080
172	94.177.175.232:80
173	182.88.42.168:9797
174	110.170.184.51:8080
175	59.38.61.171:9797
176	200.128.10.63:80
177	190.39.112.252:8080
178	31.145.106.66:8080
179	134.35.232.159:8080
180	191.253.16.200:5328
181	121.232.145.50:9000
182	52.161.94.70:80
183	27.254.220.12:8080
184	222.124.140.50:8080
185	119.11.130.106:8080
186	82.149.207.86:8081
187	62.219.227.245:8088
188	40.76.17.123:1080
189	87.228.29.154:5328
190	201.210.228.210:8080
191	186.92.96.175:8080
192	119.23.63.152:8118
193	36.67.8.189:8080
194	186.88.46.253:8080
195	138.68.151.246:8118
196	118.193.107.210:80
197	186.248.166.60:5328
198	151.249.72.196:8080
199	149.3.91.202:3128
200	190.122.185.197:8080
201	128.199.80.32:80
202	191.241.36.156:3128
203	110.77.208.171:6520
204	42.81.58.21:8088
205	213.136.72.241:3128
206	107.80.121.110:9999
207	180.183.190.33:8080
208	62.201.225.42:6222
209	35.187.81.58:80
210	66.171.128.61:8080
211	178.49.140.246:8080
212	5.57.34.34:8080
213	191.252.80.141:80
214	46.101.252.129:3128
215	121.226.59.201:808
216	36.68.68.191:8080
217	193.70.3.57:80
218	117.4.136.145:8080
219	112.114.99.103:8118
220	119.252.174.123:8080
221	223.206.69.62:8080
222	190.77.192.234:8080
223	203.142.85.133:8080
224	194.186.180.78:8080
225	82.119.155.254:8080
226	195.128.222.99:8080
227	177.189.240.163:3128
228	115.166.140.194:80
229	94.21.182.99:8118
230	176.237.128.44:8080
231	185.91.171.170:8080
232	134.35.253.226:8080
233	187.16.56.39:8080
234	45.76.165.165:9090
235	202.129.207.189:5328
236	110.170.150.47:8080
237	85.202.11.47:3128
238	106.39.179.248:80
239	203.128.73.14:8080
240	125.165.33.36:3128
241	36.67.145.155:3128
242	31.168.144.183:8088
243	185.106.121.100:1080
244	171.39.198.29:808
245	180.245.205.243:8080
246	36.37.225.50:5213
247	190.27.196.174:8080
248	212.156.134.98:8080
249	66.162.122.24:8080
250	114.101.232.132:9000
251	5.196.75.208:3128
252	218.20.55.94:9797
253	177.99.122.228:8080
254	27.46.36.128:9797
255	187.252.152.157:8080
256	174.32.145.26:87
257	154.73.220.137:8080
258	212.200.126.14:8080
259	177.69.195.4:8080
260	195.114.128.23:3128
261	95.79.57.46:8080
262	43.239.74.217:8080
263	202.74.243.112:8080
264	103.54.100.65:8080
265	103.35.171.69:8080
266	190.203.228.120:8080
267	180.149.98.206:8080
268	120.40.38.129:808
269	95.27.235.15:8080
270	13.82.232.37:8080
271	202.51.231.243:8080
272	139.0.6.44:8080
273	103.78.141.34:3128
274	103.194.235.97:8080
275	185.106.121.92:1080
276	14.207.177.155:8080
277	103.239.52.41:8080
278	138.59.176.254:8080
279	119.39.68.134:808
280	87.250.221.3:8080
281	50.93.201.253:1080
282	27.131.166.135:8080
283	212.79.122.176:5328
284	200.217.185.179:8080
285	117.114.153.242:9999
286	187.76.206.50:8080
287	192.240.150.133:8080
288	4.16.214.12:80
289	97.73.2.190:87
290	176.192.37.226:8080
291	186.215.78.3:5328
292	103.251.166.11:1080
293	46.8.243.89:6520
294	94.23.146.0:8080
295	37.193.150.13:8081
296	94.231.190.14:8383
297	37.139.8.35:8080
298	186.226.178.41:5328
299	202.58.108.58:8080
300	180.250.149.73:8080
301	36.66.203.139:3128
302	195.114.128.9:3128
303	170.83.199.110:8080
304	13.73.25.58:80
305	187.3.112.110:3128
306	118.190.119.12:1080
307	190.72.143.43:8080
308	5.2.69.114:1080
309	222.217.68.148:8089
310	88.248.52.216:8086
311	46.242.73.182:80
312	167.249.169.6:3128
313	36.72.228.77:8080
314	37.233.59.6:8080
315	201.230.89.169:8080
316	103.8.194.6:5328
317	195.128.222.157:8080
318	141.196.86.209:8080
319	36.67.206.187:8080
320	5.160.67.180:8080
321	203.6.149.130:80
322	180.176.154.51:3128
323	103.245.77.56:8080
324	118.97.147.26:9999
325	190.77.181.35:8080
326	185.144.67.152:8080
327	202.57.48.102:8085
328	87.249.205.103:8080
329	120.76.55.49:8088
330	125.165.102.12:8080
331	103.246.3.164:88
332	103.206.225.236:6510
333	35.196.212.156:8080
334	223.27.89.202:8080
335	43.247.157.45:8181
336	190.122.186.226:8080
337	58.60.255.65:8118
338	120.76.77.152:9999
339	202.51.231.4:8080
340	103.206.254.170:6510
341	192.99.222.207:80
342	103.251.165.4:1080
343	193.19.132.235:5328
344	113.228.58.126:8080
345	103.91.129.169:8080
346	109.185.149.65:8080
347	138.186.3.174:3128
348	103.91.130.225:8080
349	104.200.33.160:3128
350	174.32.125.246:87
351	103.220.19.241:8080
352	124.232.163.36:3128
353	103.76.45.185:8080
354	107.178.3.26:8080
355	110.77.210.204:5231
356	179.189.52.249:8080
357	208.92.94.142:1080
358	139.59.107.171:8080
359	189.206.107.6:8080
360	201.38.93.179:3128
361	35.196.177.109:8080
362	187.49.83.154:6006
363	186.91.191.106:8080
364	104.206.74.148:80
365	177.114.52.181:8080
366	182.253.176.40:3128
367	97.73.182.2:87
368	175.100.91.105:6520
369	183.89.14.101:8080
370	176.237.163.183:8080
371	94.130.55.164:2200
372	223.206.52.249:8080
373	61.155.164.108:3128
374	194.190.30.253:8080
375	83.64.253.168:80
376	103.10.97.187:8080
377	39.69.15.245:53281
378	80.19.188.124:8080
379	103.229.86.58:8080
380	50.79.130.114:80
381	36.67.132.171:5328
382	182.16.171.18:5328
383	143.202.210.128:8080
384	42.54.95.91:8080
385	186.95.66.98:8080
386	190.199.79.195:8080
387	181.143.103.170:5328
388	109.120.199.27:8081
389	103.24.226.10:7777
390	220.247.165.130:8080
391	180.245.232.227:8080
392	200.165.134.90:8080
393	109.175.6.194:8080
394	212.52.198.81:8080
395	112.86.73.52:5328
396	47.74.15.67:3128
397	24.245.100.172:4867
398	183.184.192.16:9797
399	103.194.234.184:8080
400	185.117.74.125:1080
401	121.13.165.194:9797
402	110.139.127.24:8080
403	119.235.55.157:8080
404	113.11.133.198:5231
405	187.189.47.196:8080
406	139.217.24.50:3128
407	186.250.96.70:8080
408	187.49.80.109:6006
409	36.78.141.210:8080
410	202.145.2.52:8080
411	103.239.252.81:8080
412	191.243.53.130:80
413	139.59.125.112:8080
414	177.200.220.25:8081
415	121.248.112.20:3128
416	163.125.192.179:9797
417	181.19.83.59:8080
418	97.73.0.74:87
419	200.229.194.154:80
420	5.2.69.189:1080
421	222.56.21.113:5328
422	103.35.169.153:8080
423	103.229.85.161:8080
424	36.85.62.230:8080
425	36.80.27.220:3128
426	45.115.168.40:8080
427	222.222.169.60:5328
428	210.213.226.3:8080
429	45.55.133.204:3128
430	112.17.65.50:3128
431	117.20.54.20:3128
432	110.137.43.83:8080
433	45.252.54.22:8080
434	117.239.50.118:8080
435	95.0.32.8:5328
436	118.193.107.232:80
437	113.92.0.154:9797
438	185.189.125.10:3128
439	103.37.168.201:8090
440	36.72.230.27:8080
441	202.29.219.150:8080
442	213.80.130.65:3128
443	187.112.15.52:8080
444	181.65.239.105:3128
445	111.47.65.171:3128
446	103.205.132.213:8080
447	107.80.121.217:9999
448	186.46.156.202:6530
449	185.144.67.184:8080
450	49.231.196.114:5328
451	190.142.98.201:8080
452	124.205.155.151:9090
453	117.102.65.134:8080
454	36.66.156.66:8080
455	112.114.93.147:8118
456	179.176.8.12:8080
457	202.53.174.162:8080
458	177.67.80.242:3128
459	85.199.71.123:8080
460	190.74.15.159:8080
461	212.92.250.111:6510
462	27.254.220.11:8080
463	36.67.139.119:8888
464	201.249.125.147:8080
465	197.210.152.162:8080
466	103.75.134.28:80
467	141.196.222.191:8080
468	112.114.94.192:8118
469	201.16.227.225:8080
470	43.250.80.170:8080
471	97.72.176.142:87
472	155.232.186.14:3128
473	5.2.69.103:1080
474	85.159.2.171:8080
475	103.239.252.37:8080
476	217.13.222.161:8080
477	182.93.232.182:8080
478	185.82.203.204:1080
479	169.239.46.110:5328
480	103.8.113.235:8080
481	176.240.32.130:1080
482	106.75.56.191:80
483	85.199.71.66:8080
484	190.237.96.159:8080
485	39.42.98.103:8080
486	223.96.95.229:3128
487	36.75.79.189:8080
488	61.7.181.109:5231
489	87.241.232.232:8080
490	190.0.35.6:3128
491	185.144.64.57:8080
492	46.219.14.43:80
493	223.206.156.75:8080
494	103.100.209.28:3128
495	119.42.68.26:5231
496	154.119.82.170:8080
497	103.87.170.178:5555
498	188.56.20.60:8080
499	125.211.202.26:5328
500	46.149.247.58:5328
501	212.200.23.18:8080
502	136.243.90.142:1080
503	96.67.118.233:8080
504	185.117.74.66:1080
505	196.202.194.75:6530
506	107.80.121.208:9999
507	178.236.39.168:8080
508	47.94.204.181:3128
509	202.150.144.14:8080
510	201.210.80.216:3128
511	103.225.92.1:8080
512	58.251.235.164:9797
513	190.2.6.105:3130
514	195.16.120.166:8080
515	168.121.27.205:5328
516	35.156.70.164:80
517	116.23.136.242:9999
518	223.223.203.30:8080
519	121.31.100.103:8123
520	58.222.181.139:3128
521	50.93.203.174:1080
522	202.78.206.81:8080
523	174.32.117.2:87
524	182.253.73.11:8080
525	177.128.224.15:8080
526	45.241.161.51:8080
527	115.124.75.30:8080
528	185.144.64.108:8080
529	165.16.40.1:8080
530	179.221.22.2:8080
531	138.255.108.10:8080
532	186.7.199.230:8080
533	46.44.51.5:8081
534	202.169.249.49:8080
535	201.10.154.50:8080
536	202.241.170.19:80
537	91.221.252.18:8080
538	104.223.72.158:3128
539	139.0.6.45:8080
540	103.76.172.13:8080
541	138.94.71.230:8080
542	190.131.254.91:3128
543	190.204.98.55:8080
544	189.112.11.58:8082
545	221.4.133.67:53281
546	52.18.20.61:8000
547	91.191.33.165:5328
548	191.222.149.154:8080
549	115.69.208.241:8080
550	45.115.99.126:5328
551	200.114.102.129:5328
552	119.27.171.160:1080
553	200.150.68.126:3128
554	41.222.117.163:8080
555	200.149.19.170:8080
556	194.24.237.19:3129
557	194.190.251.72:8080
558	200.94.255.27:8080
559	103.225.172.21:5328
560	177.21.25.61:666
561	200.122.209.10:8080
562	139.255.40.130:8080
563	61.136.163.245:8104
564	119.57.108.17:5328
565	190.122.185.201:8080
566	78.25.98.230:8080
567	103.80.240.101:80
568	42.235.168.144:8118
569	197.44.24.181:8080
570	125.163.150.150:8080
571	190.151.10.226:8080
572	144.48.109.166:8080
573	114.7.5.38:8080
574	182.86.175.240:808
575	14.221.165.99:9797
576	103.44.15.97:8080
577	166.111.42.169:8123
578	212.237.32.164:3128
579	190.38.80.36:8080
580	36.75.97.210:8080
581	106.51.252.234:8080
582	190.121.158.122:8080
583	177.5.219.112:8080
584	110.77.173.214:5155
585	103.218.25.217:8080
586	27.254.220.2:8080
587	58.147.173.193:8080
588	211.58.248.163:3128
589	202.29.97.5:8080
590	91.217.42.2:8080
591	109.196.34.51:8080
592	209.150.253.82:80
593	110.74.200.199:8080
594	27.131.166.142:8080
595	82.202.252.224:80
596	78.107.71.162:80
597	117.121.41.252:3128
598	79.137.182.166:8080
599	58.147.173.33:8080
600	111.68.27.235:8080
601	39.106.97.102:8080
602	43.229.88.98:5328
603	187.110.238.133:3130
604	183.88.62.38:8080
605	134.35.166.65:8080
606	138.197.154.98:80
607	211.127.160.240:8080
608	176.237.141.119:8080
609	141.196.144.177:8080
610	88.11.76.19:8080
611	47.100.14.11:8080
612	178.131.39.57:8080
613	115.69.208.1:8080
614	27.46.40.22:9797
615	45.249.8.18:8080
616	42.81.58.20:8088
617	190.77.56.227:8080
618	219.138.58.78:3128
619	14.52.23.216:8080
620	103.55.48.126:8080
621	1.55.134.30:8080
622	80.87.181.73:8080
623	94.182.201.129:8080
624	186.92.180.122:8080
625	177.84.23.122:3128
626	123.176.103.44:80
627	62.162.84.83:8080
628	41.89.94.43:80
629	83.208.243.158:80
630	91.83.100.108:5328
631	42.49.119.200:8118
632	219.74.18.240:3128
633	185.106.121.96:1080
634	58.251.235.165:9797
635	180.211.94.170:8080
636	110.170.150.150:8080
637	36.26.232.55:808
638	119.42.85.172:5231
639	95.159.47.46:80
640	134.213.49.87:3129
641	170.239.144.6:3128
642	36.67.132.217:5328
643	36.66.76.177:3128
644	116.23.138.169:9999
645	117.58.243.244:8080
646	5.2.69.137:1080
647	111.67.94.110:80
648	111.192.192.184:8118
649	51.255.2.0:3128
650	58.69.10.173:8080
651	113.209.31.29:8118
652	103.60.137.2:87
653	36.66.16.207:8080
654	103.9.134.9:6530
655	177.21.1.142:666
656	5.2.69.174:1080
657	121.232.147.45:9000
658	186.92.42.48:8080
659	115.152.195.191:8118
660	46.35.79.40:8080
661	37.194.73.22:6510
662	188.16.71.128:8080
663	36.67.45.95:80
664	201.249.88.229:80
665	115.79.43.156:8888
666	109.94.2.106:8080
667	45.32.39.194:8888
668	95.120.161.241:8080
669	202.179.4.70:5213
670	103.14.26.69:8080
671	189.80.135.154:8080
672	103.239.254.17:8080
673	5.1.27.124:5328
674	183.30.204.50:9000
675	181.56.9.161:8181
676	58.251.249.155:8118
677	190.78.81.13:8080
678	202.142.158.114:8080
679	163.125.16.200:8888
680	50.79.133.187:8080
681	97.73.182.178:87
682	190.111.195.137:8080
683	176.117.126.22:8080
684	168.196.115.254:8082
685	130.0.39.112:5328
686	121.100.23.93:8080
687	103.56.207.225:8080
688	212.72.140.34:8080
689	191.252.113.39:8080
690	104.207.144.254:8118
691	221.204.118.105:9797
692	46.252.41.73:8080
693	185.144.64.36:8080
694	81.208.32.6:80
695	97.73.182.198:87
696	97.73.169.194:87
697	197.211.33.166:8080
698	124.88.84.154:8080
699	155.133.119.67:5328
700	195.202.204.78:80
701	81.35.67.42:8080
702	69.43.171.199:80
703	202.52.79.248:3128
704	200.105.202.2:5328
705	186.94.42.61:8080
706	109.230.112.2:9090
707	182.253.191.114:8080
708	186.227.208.170:8085
709	42.81.58.30:8088
710	103.217.104.74:8080
711	190.205.202.186:8080
712	85.113.211.82:8080
713	137.74.168.174:8080
714	95.86.133.70:8080
715	186.94.53.5:8080
716	134.35.61.18:8080
717	201.211.184.123:8080
718	202.40.179.186:8080
719	190.79.132.226:8080
720	176.115.250.2:3128
721	36.67.158.49:6530
722	134.35.104.104:8080
723	41.199.171.81:8080
724	187.190.221.5:3128
725	110.50.84.162:8080
726	97.72.166.98:87
727	110.170.184.56:8080
728	42.81.58.19:8088
729	177.136.115.145:666
730	180.253.244.248:80
731	47.89.17.54:80
732	200.8.145.114:8080
733	210.242.163.177:8080
734	45.77.104.76:3128
735	136.24.133.49:5222
736	103.77.61.22:8080
737	177.136.124.49:666
738	58.251.235.188:9797
739	188.56.23.154:8080
740	134.213.148.8:3124
741	109.200.172.117:8080
742	58.240.53.194:80
743	185.213.211.254:6969
744	191.252.186.82:3128
745	122.183.139.101:8080
746	121.232.144.209:9000
747	91.187.119.3:3128
748	189.213.65.98:3128
749	5.160.130.56:5328
750	190.97.250.222:8080
751	91.187.110.66:8080
752	103.248.248.77:3128
753	41.162.72.105:80
754	82.214.139.109:8080
755	177.21.10.17:666
756	187.189.75.123:5328
757	61.136.163.246:8103
758	47.52.98.198:80
759	95.0.178.3:8080
760	110.77.172.189:5231
761	103.234.254.162:80
762	114.115.216.99:80
763	141.196.134.171:8080
764	219.138.58.130:3128
765	68.101.57.233:80
766	190.74.89.176:8080
767	118.193.219.163:80
768	202.150.147.22:5328
769	138.219.176.64:8080
770	5.196.68.118:8118
771	210.54.213.130:5328
772	194.190.30.252:8080
773	190.204.1.108:8080
774	176.237.5.9:8080
775	121.232.144.212:9000
776	88.146.210.74:8080
777	201.251.126.164:5328
778	114.115.216.99:8118
779	183.89.22.3:8080
780	117.78.37.181:3128
781	213.91.149.1:8080
782	110.77.177.4:5231
783	200.48.129.123:8080
784	183.88.51.239:8080
785	124.47.7.38:80
786	49.231.146.82:3129
787	178.252.26.99:8080
788	189.148.141.255:8080
789	139.255.57.32:8080
790	202.77.127.98:3128
791	178.252.149.66:8080
792	182.253.26.196:8080
793	185.144.67.187:8080
794	196.6.232.254:8080
795	188.211.224.162:5328
796	177.21.29.86:666
797	190.74.88.85:8080
798	117.141.155.243:5328
799	177.87.122.210:8080
800	202.21.124.240:8080
801	5.2.69.170:1080
802	116.199.2.197:82
803	116.199.115.78:81
804	190.77.221.5:8080
805	42.81.58.26:8088
806	190.36.81.56:8080
807	35.201.21.171:3128
808	190.52.32.172:8082
809	180.118.128.206:9000
810	119.42.112.48:5231
811	118.89.231.85:80
812	203.81.67.86:3128
813	45.32.104.120:1080
814	118.98.227.230:80
815	103.242.51.134:8080
816	185.144.64.66:8080
817	190.128.228.18:8080
818	36.67.41.125:8080
819	211.249.62.39:8080
820	36.74.160.232:3128
821	38.75.209.161:8080
822	118.193.107.3:80
823	103.206.255.58:8080
824	5.27.192.206:8080
825	36.67.131.245:5328
826	61.155.164.106:3128
827	186.90.105.88:8080
828	146.88.37.18:8080
829	172.80.118.213:1080
830	180.241.58.27:8080
831	190.79.78.225:8080
832	178.206.186.238:8080
833	37.221.195.215:8118
834	41.78.243.241:5328
835	110.170.150.49:8080
836	82.146.58.205:3128
837	123.192.114.113:80
838	119.129.99.27:9797
839	51.15.35.158:80
840	179.228.104.93:3128
841	36.66.211.39:8080
842	14.211.124.34:808
843	103.78.75.100:8080
844	181.143.123.114:8080
845	101.128.68.232:8081
846	5.2.69.147:1080
847	212.225.233.154:8080
848	110.44.113.182:8080
849	186.90.162.72:8080
850	200.2.125.90:8080
851	201.28.174.26:3128
852	191.252.186.70:3128
853	183.89.11.67:8080
854	185.82.203.215:1080
855	5.160.83.74:8080
856	141.196.72.102:8080
857	190.77.217.89:8080
858	180.254.4.235:8080
859	189.58.101.69:5328
860	193.70.3.144:80
861	125.94.36.24:8118
862	144.76.96.41:2200
863	194.28.227.167:8081
864	115.69.208.49:8080
865	34.231.149.96:80
866	191.0.70.90:8080
867	176.237.81.14:8080
868	190.198.170.125:8080
869	194.132.222.51:8080
870	190.75.193.218:8080
871	182.253.38.38:8080
872	124.205.155.156:9090
873	191.199.247.23:8080
874	52.90.220.136:80
875	97.73.1.139:87
876	182.253.177.164:8080
877	181.112.152.203:8080
878	122.52.49.179:5328
879	154.73.222.11:8080
880	103.78.11.202:8080
881	190.52.32.138:8082
882	190.207.253.155:8080
883	182.253.35.71:8080
884	103.18.180.93:8080
885	213.198.241.6:8080
886	183.247.152.98:5328
887	188.75.135.161:8080
888	79.174.163.69:80
889	5.2.243.134:8080
890	185.117.74.70:1080
891	179.108.155.49:8080
892	41.78.242.1:5328
893	174.32.129.42:87
894	97.72.159.99:87
895	80.87.143.150:80
896	13.127.46.219:80
897	131.0.62.78:8080
898	179.133.155.37:8080
899	192.158.236.60:3128
900	113.160.154.11:8080
901	178.22.117.153:5328
902	187.190.64.28:8080
903	5.2.69.143:1080
904	97.73.188.46:87
905	110.77.187.237:8080
906	47.22.186.189:80
907	190.129.224.146:8080
908	46.174.241.137:8080
909	115.28.214.174:8081
910	46.101.78.9:8080
911	222.165.205.204:8080
912	182.253.106.37:8080
913	35.225.45.17:3128
914	103.230.6.10:8080
915	113.254.114.24:80
916	174.32.109.38:87
917	203.128.84.243:8080
918	103.18.180.105:8080
919	189.112.60.109:8080
920	86.98.2.163:8080
921	168.121.96.24:8080
922	36.77.244.141:3128
923	177.52.181.166:3128
924	43.254.126.31:8080
925	177.128.145.168:5328
926	52.166.145.45:80
927	46.101.95.225:8118
928	43.239.75.242:8080
929	177.158.31.126:8080
930	5.2.69.180:1080
931	117.20.54.20:8080
932	97.73.182.146:87
933	89.144.28.189:3128
934	115.46.77.48:8123
935	200.141.131.194:8080
936	103.88.140.83:8080
937	103.4.67.75:8080
938	37.157.184.9:8080
939	70.184.179.116:8080
940	190.207.38.98:8080
941	88.119.139.237:5328
942	189.39.125.210:8080
943	217.12.121.86:8080
944	190.198.237.37:8080
945	201.243.226.200:8080
946	58.59.173.14:9797
947	190.217.55.3:3128
948	201.18.19.155:8080
949	186.88.190.130:8080
950	190.74.217.77:8080
951	112.25.35.76:80
952	94.73.229.105:8080
953	185.35.182.4:8080
954	51.254.132.238:90
955	176.239.3.199:8080
956	217.117.114.142:8080
957	110.216.60.239:80
958	213.47.152.233:9999
959	200.4.253.27:6510
960	117.4.236.194:8080
961	27.122.57.172:1080
962	89.253.162.12:80
963	37.139.8.35:3128
964	200.72.187.75:8080
965	185.101.230.115:8080
966	88.204.189.218:8080
967	179.186.135.197:8080
968	112.67.185.43:9797
969	122.154.151.213:8080
970	223.196.89.183:5231
971	118.193.107.230:80
972	190.204.240.118:8080
973	188.225.141.97:8080
974	5.27.197.91:8080
975	94.182.197.201:8080
976	182.37.55.0:808
977	46.35.82.138:8080
978	197.210.216.22:8080
979	122.54.20.216:8090
980	174.97.107.240:8118
981	134.35.186.87:8080
982	46.253.135.237:8080
983	201.87.241.109:8080
984	36.67.6.53:8080
985	138.186.164.41:8080
986	116.74.74.64:8080
987	92.241.64.226:80
988	190.74.175.154:8080
989	211.149.149.242:1080
990	89.169.55.43:8081
991	8.33.32.23:5328
992	103.251.165.5:1080
993	119.42.68.182:5231
994	87.226.213.86:3128
995	125.115.141.145:8118
996	177.136.126.169:666
997	36.74.196.117:8080
998	79.172.69.92:80
